‘Œ´‰p•F,Hidehiko Masuhara,http://www.graco.c.u-tokyo.ac.jp/~masuhara/
¼Œû—T‰î,Yusuke Nishiguchi,http://www.graco.c.u-tokyo.ac.jp/~nishiguchi/
,Manabu Toyama,http://www.graco.c.u-tokyo.ac.jp/~touyama/
Â’J’mK,Tomoyuki Aotani,http://www.jaist.ac.jp/profiles/info_e.php?profile_id=558&syozoku=12
†–¼“N¶,Tetsuo Kamina,http://www.p.u-tokyo.ac.jp/~kamina/
‹Êˆä“N—Y,,http://www.graco.c.u-tokyo.ac.jp/~tamai/
,Michael Perscheid,http://www.hpi.uni-potsdam.de/swa/people/perscheid/
,Michael Haupt,http://labs.oracle.com/people/haupt
,Robert Hirschfeld,http://www.hpi.uni-potsdam.de/hirschfeld/
ŒÜ\—’~,Atsushi Igarashi,http://www.fos.kuis.kyoto-u.ac.jp/~igarashi/
